<?xml version="1.0" encoding="utf-8"?>
<Stateflow>
  <machine id="263">
    <P Name="created">18-Mar-2018 23:44:54</P>
    <P Name="isLibrary">0</P>
    <P Name="sfVersion">80000011</P>
    <Children>
      <target id="300" name="sfun">
        <P Name="description">Default Simulink S-Function Target.</P>
      </target>
      <chart id="264">
        <P Name="name">Chart</P>
        <P Name="windowPosition">[0 23 1280 725]</P>
        <P Name="viewLimits">[-129.221 2536.362 -164.112 1224.213]</P>
        <P Name="zoomFactor">2.314</P>
        <P Name="screen">[1 1 3200 1200 1.25]</P>
        <P Name="viewObj">264</P>
        <P Name="visible">1</P>
        <subviewS>
        </subviewS>
        <P Name="ssIdHighWaterMark">262</P>
        <P Name="decomposition">CLUSTER_CHART</P>
        <P Name="updateMethod">DISCRETE</P>
        <P Name="sampleTime">1/40</P>
        <P Name="chartFileNumber">3</P>
        <P Name="allowGlobalAccessToExportedFunctions">0</P>
        <P Name="saturateOnIntegerOverflow">1</P>
        <P Name="userSpecifiedStateTransitionExecutionOrder">1</P>
        <P Name="disableImplicitCasting">1</P>
        <P Name="actionLanguage">2</P>
        <Children>
          <state SSID="212">
            <P Name="labelString">init
during:
</P>
            <P Name="position">[681.2876 50.5817 270.1222 115.0204]</P>
            <P Name="fontSize">12</P>
            <P Name="subviewer">264</P>
            <P Name="type">OR_STATE</P>
            <P Name="decomposition">CLUSTER_STATE</P>
          </state>
          <state SSID="242">
            <P Name="labelString">[steer, lidarservo, motor] = pid(diff,tdiff,st)</P>
            <P Name="position">[423.6081 206.3251 225.2678 34.8953]</P>
            <P Name="fontSize">12</P>
            <P Name="superState">SUBCHART</P>
            <P Name="subviewer">264</P>
            <P Name="type">FUNC_STATE</P>
            <P Name="decomposition">CLUSTER_STATE</P>
            <simulink>
              <P Name="isSimulinkFcn">1</P>
              <P Name="blockName">pid</P>
            </simulink>
            <Children>
              <data SSID="244" name="diff">
                <P Name="scope">FUNCTION_INPUT_DATA</P>
                <props>
                  <array>
                    <P Name="size">1</P>
                  </array>
                  <type>
                    <P Name="primitive">SF_DOUBLE_TYPE</P>
                    <P Name="isSigned">1</P>
                    <P Name="wordLength">16</P>
                  </type>
                  <P Name="frame">SF_FRAME_INHERITED</P>
                  <unit>
                    <P Name="name">inherit</P>
                  </unit>
                </props>
                <P Name="dataType">double</P>
              </data>
              <data SSID="245" name="steer">
                <P Name="scope">FUNCTION_OUTPUT_DATA</P>
                <props>
                  <array>
                    <P Name="size">-1</P>
                    <P Name="isDynamic">1</P>
                  </array>
                  <type>
                    <P Name="method">SF_INHERITED_TYPE</P>
                    <P Name="primitive">SF_DOUBLE_TYPE</P>
                    <P Name="isSigned">1</P>
                    <P Name="wordLength">16</P>
                  </type>
                  <P Name="complexity">SF_COMPLEX_INHERITED</P>
                  <P Name="frame">SF_FRAME_INHERITED</P>
                  <unit>
                    <P Name="name">inherit</P>
                  </unit>
                </props>
                <P Name="dataType">Inherit: Same as Simulink</P>
              </data>
              <data SSID="246" name="lidarservo">
                <P Name="scope">FUNCTION_OUTPUT_DATA</P>
                <props>
                  <array>
                    <P Name="size">-1</P>
                    <P Name="isDynamic">1</P>
                  </array>
                  <type>
                    <P Name="method">SF_INHERITED_TYPE</P>
                    <P Name="primitive">SF_DOUBLE_TYPE</P>
                    <P Name="isSigned">1</P>
                    <P Name="wordLength">16</P>
                  </type>
                  <P Name="complexity">SF_COMPLEX_INHERITED</P>
                  <P Name="frame">SF_FRAME_INHERITED</P>
                  <unit>
                    <P Name="name">inherit</P>
                  </unit>
                </props>
                <P Name="dataType">Inherit: Same as Simulink</P>
              </data>
              <data SSID="247" name="tdiff">
                <P Name="scope">FUNCTION_INPUT_DATA</P>
                <props>
                  <array>
                    <P Name="size">1</P>
                  </array>
                  <type>
                    <P Name="primitive">SF_DOUBLE_TYPE</P>
                    <P Name="isSigned">1</P>
                    <P Name="wordLength">16</P>
                  </type>
                  <P Name="frame">SF_FRAME_INHERITED</P>
                  <unit>
                    <P Name="name">inherit</P>
                  </unit>
                </props>
                <P Name="dataType">double</P>
              </data>
              <data SSID="253" name="motor">
                <P Name="scope">FUNCTION_OUTPUT_DATA</P>
                <props>
                  <array>
                    <P Name="size">-1</P>
                    <P Name="isDynamic">1</P>
                  </array>
                  <type>
                    <P Name="method">SF_INHERITED_TYPE</P>
                    <P Name="primitive">SF_DOUBLE_TYPE</P>
                    <P Name="isSigned">1</P>
                    <P Name="wordLength">16</P>
                  </type>
                  <P Name="complexity">SF_COMPLEX_INHERITED</P>
                  <P Name="frame">SF_FRAME_INHERITED</P>
                  <unit>
                    <P Name="name">inherit</P>
                  </unit>
                </props>
                <P Name="dataType">Inherit: Same as Simulink</P>
              </data>
              <data SSID="260" name="st">
                <P Name="scope">FUNCTION_INPUT_DATA</P>
                <props>
                  <array>
                    <P Name="size">1</P>
                  </array>
                  <type>
                    <P Name="primitive">SF_DOUBLE_TYPE</P>
                    <P Name="isSigned">1</P>
                    <P Name="wordLength">16</P>
                  </type>
                  <P Name="frame">SF_FRAME_INHERITED</P>
                  <unit>
                    <P Name="name">inherit</P>
                  </unit>
                </props>
                <P Name="dataType">double</P>
              </data>
            </Children>
          </state>
          <state SSID="214">
            <P Name="labelString">steady
entry:
	diff = 0; tdiff = 0;
	time = 0;
	lightstate = 0;
	motor = 50; steer = 0; lidarservo = 0;
	cangle = leftangle
during:
	st = 0;
	saveangle = leftangle;
	diff = leftangle - cangle; tdiff = tdiff + diff;
	[steer, lidarservo, motor] = pid(diff, tdiff, st);
	lightstate = status(steer);
</P>
            <P Name="position">[684.035 206.3251 252.7121 357.2616]</P>
            <P Name="fontSize">12</P>
            <P Name="subviewer">264</P>
            <P Name="type">OR_STATE</P>
            <P Name="decomposition">CLUSTER_STATE</P>
          </state>
          <state SSID="215">
            <P Name="labelString">evade_obstacle
entry:
	time = 0;
during:
	motor = 20; steer = 45; lidarservo = -45;
	time = time + 1/40;
	statelight = 3;</P>
            <P Name="position">[1131.6622 206.3251 246.5968 97.0238]</P>
            <P Name="fontSize">12</P>
            <P Name="subviewer">264</P>
            <P Name="type">OR_STATE</P>
            <P Name="decomposition">CLUSTER_STATE</P>
          </state>
          <state SSID="259">
            <P Name="labelString">lightstate = status(steer1)</P>
            <P Name="position">[423.6081 256.2372 225.2678 34.8953]</P>
            <P Name="fontSize">12</P>
            <P Name="superState">SUBCHART</P>
            <P Name="subviewer">264</P>
            <P Name="type">FUNC_STATE</P>
            <P Name="decomposition">CLUSTER_STATE</P>
            <simulink>
              <P Name="isSimulinkFcn">1</P>
              <P Name="blockName">status</P>
            </simulink>
            <Children>
              <data SSID="254" name="steer1">
                <P Name="scope">FUNCTION_INPUT_DATA</P>
                <props>
                  <array>
                    <P Name="size">1</P>
                  </array>
                  <type>
                    <P Name="primitive">SF_DOUBLE_TYPE</P>
                    <P Name="isSigned">1</P>
                    <P Name="wordLength">16</P>
                  </type>
                  <P Name="frame">SF_FRAME_INHERITED</P>
                  <unit>
                    <P Name="name">inherit</P>
                  </unit>
                </props>
                <P Name="dataType">double</P>
              </data>
              <data SSID="262" name="lightstate">
                <P Name="scope">FUNCTION_OUTPUT_DATA</P>
                <props>
                  <array>
                    <P Name="size">-1</P>
                    <P Name="isDynamic">1</P>
                  </array>
                  <type>
                    <P Name="method">SF_INHERITED_TYPE</P>
                    <P Name="primitive">SF_DOUBLE_TYPE</P>
                    <P Name="isSigned">1</P>
                    <P Name="wordLength">16</P>
                  </type>
                  <P Name="complexity">SF_COMPLEX_INHERITED</P>
                  <P Name="frame">SF_FRAME_INHERITED</P>
                  <unit>
                    <P Name="name">inherit</P>
                  </unit>
                </props>
                <P Name="dataType">Inherit: Same as Simulink</P>
              </data>
            </Children>
          </state>
          <state SSID="219">
            <P Name="labelString">wait_to_return
during:
	st = 1;
	saveangle = leftangle;
	diff = leftangle - cangle; tdiff = tdiff + diff;
	[steer, lidarservo, motor] = pid(diff, tdiff, st);
	lightstate = status(steer);
</P>
            <P Name="position">[1131.6622 330.5753 246.5968 91.0136]</P>
            <P Name="fontSize">12</P>
            <P Name="subviewer">264</P>
            <P Name="type">OR_STATE</P>
            <P Name="decomposition">CLUSTER_STATE</P>
          </state>
          <state SSID="220">
            <P Name="labelString">return_to_lane
entry:
	time = 0;
during:
	motor = 20; steer = -45; lidarservo = 45;
	time = time + 1/40;
	statelight = 3;</P>
            <P Name="position">[1138.0987 451.9754 239.734 91.4305]</P>
            <P Name="fontSize">12</P>
            <P Name="subviewer">264</P>
            <P Name="type">OR_STATE</P>
            <P Name="decomposition">CLUSTER_STATE</P>
          </state>
          <data SSID="2" name="leftangle">
            <P Name="scope">INPUT_DATA</P>
            <props>
              <array>
                <P Name="size">1</P>
              </array>
              <type>
                <P Name="method">SF_INHERITED_TYPE</P>
                <P Name="primitive">SF_DOUBLE_TYPE</P>
                <P Name="isSigned">1</P>
                <P Name="wordLength">16</P>
              </type>
              <P Name="frame">SF_FRAME_INHERITED</P>
              <unit>
                <P Name="name">inherit</P>
              </unit>
            </props>
            <P Name="dataType">Inherit: Same as Simulink</P>
          </data>
          <data SSID="3" name="lidarsensor">
            <P Name="scope">INPUT_DATA</P>
            <props>
              <array>
                <P Name="size">1</P>
              </array>
              <type>
                <P Name="method">SF_INHERITED_TYPE</P>
                <P Name="primitive">SF_DOUBLE_TYPE</P>
                <P Name="isSigned">1</P>
                <P Name="wordLength">16</P>
              </type>
              <P Name="frame">SF_FRAME_INHERITED</P>
              <unit>
                <P Name="name">inherit</P>
              </unit>
            </props>
            <P Name="dataType">Inherit: Same as Simulink</P>
          </data>
          <data SSID="4" name="motor">
            <P Name="scope">OUTPUT_DATA</P>
            <props>
              <array>
                <P Name="size">1</P>
              </array>
              <type>
                <P Name="method">SF_INHERITED_TYPE</P>
                <P Name="primitive">SF_DOUBLE_TYPE</P>
                <P Name="isSigned">1</P>
                <P Name="wordLength">16</P>
              </type>
              <P Name="frame">SF_FRAME_NO</P>
              <unit>
                <P Name="name">inherit</P>
              </unit>
            </props>
            <P Name="dataType">Inherit: Same as Simulink</P>
          </data>
          <data SSID="5" name="steer">
            <P Name="scope">OUTPUT_DATA</P>
            <props>
              <array>
                <P Name="size">1</P>
              </array>
              <type>
                <P Name="method">SF_INHERITED_TYPE</P>
                <P Name="primitive">SF_DOUBLE_TYPE</P>
                <P Name="isSigned">1</P>
                <P Name="wordLength">16</P>
              </type>
              <P Name="frame">SF_FRAME_NO</P>
              <unit>
                <P Name="name">inherit</P>
              </unit>
            </props>
            <P Name="dataType">Inherit: Same as Simulink</P>
          </data>
          <data SSID="105" name="lidarservo">
            <P Name="scope">OUTPUT_DATA</P>
            <props>
              <array>
                <P Name="size">1</P>
              </array>
              <type>
                <P Name="method">SF_INHERITED_TYPE</P>
                <P Name="primitive">SF_DOUBLE_TYPE</P>
                <P Name="isSigned">1</P>
                <P Name="wordLength">16</P>
              </type>
              <P Name="frame">SF_FRAME_NO</P>
              <unit>
                <P Name="name">inherit</P>
              </unit>
            </props>
            <P Name="dataType">Inherit: Same as Simulink</P>
          </data>
          <data SSID="6" name="lightstate">
            <P Name="scope">OUTPUT_DATA</P>
            <props>
              <array>
                <P Name="size">1</P>
              </array>
              <type>
                <P Name="method">SF_INHERITED_TYPE</P>
                <P Name="primitive">SF_DOUBLE_TYPE</P>
                <P Name="isSigned">1</P>
                <P Name="wordLength">16</P>
              </type>
              <P Name="frame">SF_FRAME_NO</P>
              <unit>
                <P Name="name">inherit</P>
              </unit>
            </props>
            <P Name="dataType">Inherit: Same as Simulink</P>
          </data>
          <data SSID="31" name="cangle">
            <P Name="scope">LOCAL_DATA</P>
            <props>
              <array>
                <P Name="size">1</P>
              </array>
              <type>
                <P Name="method">SF_INHERITED_TYPE</P>
                <P Name="primitive">SF_DOUBLE_TYPE</P>
                <P Name="isSigned">1</P>
                <P Name="wordLength">16</P>
              </type>
              <P Name="frame">SF_FRAME_INHERITED</P>
              <unit>
                <P Name="name">inherit</P>
              </unit>
            </props>
            <P Name="dataType">Inherit: From definition in chart</P>
          </data>
          <data SSID="106" name="diff">
            <P Name="scope">LOCAL_DATA</P>
            <props>
              <array>
                <P Name="size">1</P>
              </array>
              <type>
                <P Name="method">SF_INHERITED_TYPE</P>
                <P Name="primitive">SF_DOUBLE_TYPE</P>
                <P Name="isSigned">1</P>
                <P Name="wordLength">16</P>
              </type>
              <P Name="complexity">SF_COMPLEX_INHERITED</P>
              <P Name="frame">SF_FRAME_NO</P>
              <unit>
                <P Name="name">inherit</P>
              </unit>
            </props>
            <P Name="dataType">Inherit: From definition in chart</P>
          </data>
          <data SSID="235" name="tdiff">
            <P Name="scope">LOCAL_DATA</P>
            <props>
              <array>
                <P Name="size">1</P>
              </array>
              <type>
                <P Name="method">SF_INHERITED_TYPE</P>
                <P Name="primitive">SF_DOUBLE_TYPE</P>
                <P Name="isSigned">1</P>
                <P Name="wordLength">16</P>
              </type>
              <P Name="complexity">SF_COMPLEX_INHERITED</P>
              <P Name="frame">SF_FRAME_NO</P>
              <unit>
                <P Name="name">inherit</P>
              </unit>
            </props>
            <P Name="dataType">Inherit: From definition in chart</P>
          </data>
          <data SSID="236" name="time">
            <P Name="scope">LOCAL_DATA</P>
            <props>
              <array>
                <P Name="size">1</P>
              </array>
              <type>
                <P Name="method">SF_INHERITED_TYPE</P>
                <P Name="primitive">SF_DOUBLE_TYPE</P>
                <P Name="isSigned">1</P>
                <P Name="wordLength">16</P>
              </type>
              <P Name="complexity">SF_COMPLEX_INHERITED</P>
              <P Name="frame">SF_FRAME_NO</P>
              <unit>
                <P Name="name">inherit</P>
              </unit>
            </props>
            <P Name="dataType">Inherit: From definition in chart</P>
          </data>
          <data SSID="237" name="button">
            <P Name="scope">INPUT_DATA</P>
            <props>
              <array>
                <P Name="size">1</P>
              </array>
              <type>
                <P Name="method">SF_INHERITED_TYPE</P>
                <P Name="primitive">SF_BOOLEAN_TYPE</P>
                <P Name="expression">booleam: Same as Simulink</P>
                <P Name="isSigned">1</P>
                <P Name="wordLength">16</P>
              </type>
              <P Name="frame">SF_FRAME_INHERITED</P>
              <unit>
                <P Name="name">inherit</P>
              </unit>
            </props>
            <P Name="dataType">Inherit: Same as Simulink</P>
          </data>
          <data SSID="243" name="saveangle">
            <P Name="scope">LOCAL_DATA</P>
            <props>
              <array>
                <P Name="size">1</P>
              </array>
              <type>
                <P Name="method">SF_INHERITED_TYPE</P>
                <P Name="primitive">SF_DOUBLE_TYPE</P>
                <P Name="isSigned">1</P>
                <P Name="wordLength">16</P>
              </type>
              <P Name="complexity">SF_COMPLEX_INHERITED</P>
              <P Name="frame">SF_FRAME_NO</P>
              <unit>
                <P Name="name">inherit</P>
              </unit>
            </props>
            <P Name="dataType">Inherit: From definition in chart</P>
          </data>
          <data SSID="261" name="st">
            <P Name="scope">LOCAL_DATA</P>
            <props>
              <array>
                <P Name="size">1</P>
              </array>
              <type>
                <P Name="method">SF_INHERITED_TYPE</P>
                <P Name="primitive">SF_DOUBLE_TYPE</P>
                <P Name="isSigned">1</P>
                <P Name="wordLength">16</P>
              </type>
              <P Name="complexity">SF_COMPLEX_INHERITED</P>
              <P Name="frame">SF_FRAME_NO</P>
              <unit>
                <P Name="name">inherit</P>
              </unit>
            </props>
            <P Name="dataType">Inherit: From definition in chart</P>
          </data>
          <transition SSID="222">
            <P Name="labelString"></P>
            <P Name="labelPosition">[742.965 35.582 0 0]</P>
            <P Name="fontSize">12</P>
            <src>
              <P Name="intersection">[0 0 1 0 742.9655 20.5817 0 0]</P>
            </src>
            <dst>
              <P Name="SSID">212</P>
              <P Name="intersection">[1 0 -1 0.2283 742.9655 50.5817 0 0]</P>
            </dst>
            <P Name="midPoint">[742.9655 35.5817]</P>
            <P Name="dataLimits">[740.566 745.366 20.582 50.582]</P>
            <P Name="subviewer">264</P>
            <slide>
              <P Name="sticky">BOTH_STICK</P>
            </slide>
            <P Name="executionOrder">1</P>
          </transition>
          <transition SSID="210">
            <P Name="labelString">[button == 1]</P>
            <P Name="labelPosition">[872.343 177.827 69.328 14]</P>
            <P Name="fontSize">12</P>
            <src>
              <P Name="SSID">212</P>
              <P Name="intersection">[3 0 1 0.311 867.4098 165.6021 0 0]</P>
            </src>
            <dst>
              <P Name="SSID">214</P>
              <P Name="intersection">[1 -0 -1 0.7256 867.4098 206.3251 0 0]</P>
            </dst>
            <P Name="midPoint">[867.4098 181.9636]</P>
            <P Name="dataLimits">[865.01 869.81 165.602 206.325]</P>
            <P Name="subviewer">264</P>
            <P Name="drawStyle">SMART</P>
            <slide>
              <P Name="sticky">BOTH_STICK</P>
            </slide>
            <P Name="executionOrder">1</P>
          </transition>
          <transition SSID="225">
            <P Name="labelString">[lidarsensor &lt; 40]</P>
            <P Name="labelPosition">[987.22 250.59 94.297 14]</P>
            <P Name="fontSize">12</P>
            <src>
              <P Name="SSID">214</P>
              <P Name="intersection">[2 1 -0 0.1726 936.7471 267.9894 0 0]</P>
            </src>
            <dst>
              <P Name="SSID">215</P>
              <P Name="intersection">[4 -1 0 0.3644 1131.6622 267.9894 0 0]</P>
            </dst>
            <P Name="midPoint">[1030.2046 267.9894]</P>
            <P Name="dataLimits">[936.747 1131.662 265.589 270.389]</P>
            <P Name="subviewer">264</P>
            <P Name="drawStyle">SMART</P>
            <slide>
              <P Name="sticky">BOTH_STICK</P>
            </slide>
            <P Name="executionOrder">1</P>
          </transition>
          <transition SSID="228">
            <P Name="labelString">[time == 0.8]</P>
            <P Name="labelPosition">[1245.286 304.143 68.625 14]</P>
            <P Name="fontSize">12</P>
            <src>
              <P Name="SSID">215</P>
              <P Name="intersection">[3 0 1 0.6016 1229.9182 303.3489 0 0]</P>
            </src>
            <dst>
              <P Name="SSID">219</P>
              <P Name="intersection">[1 -0 -1 0.3984 1229.9182 330.5753 0 0]</P>
            </dst>
            <P Name="midPoint">[1229.9182 312.9621]</P>
            <P Name="dataLimits">[1227.518 1232.318 303.349 330.575]</P>
            <P Name="subviewer">264</P>
            <P Name="drawStyle">SMART</P>
            <slide>
              <P Name="sticky">BOTH_STICK</P>
            </slide>
            <P Name="executionOrder">1</P>
          </transition>
          <transition SSID="230">
            <P Name="labelString">[lidarsensor &gt;= 40]</P>
            <P Name="labelPosition">[1228.792 429.356 101.297 14]</P>
            <P Name="fontSize">12</P>
            <src>
              <P Name="SSID">219</P>
              <P Name="intersection">[3 0 1 0.6061 1228.792 421.5889 0 0]</P>
            </src>
            <dst>
              <P Name="SSID">220</P>
              <P Name="intersection">[1 0 -1 0.3783 1228.792 451.9754 0 0]</P>
            </dst>
            <P Name="midPoint">[1228.792 432.7822]</P>
            <P Name="dataLimits">[1226.392 1231.192 421.589 451.975]</P>
            <P Name="subviewer">264</P>
            <P Name="drawStyle">SMART</P>
            <slide>
              <P Name="sticky">BOTH_STICK</P>
            </slide>
            <P Name="executionOrder">1</P>
          </transition>
          <transition SSID="217">
            <P Name="labelString">[time == 0.8]</P>
            <P Name="labelPosition">[999.884 490.441 68.625 14]</P>
            <P Name="fontSize">12</P>
            <src>
              <P Name="SSID">220</P>
              <P Name="intersection">[4 -1 0 0.6406 1138.0987 484.8322 0 0]</P>
            </src>
            <dst>
              <P Name="SSID">214</P>
              <P Name="intersection">[2 1 -0 0.7796 936.7471 484.8322 0 0]</P>
            </dst>
            <P Name="midPoint">[1041.4229 484.8322]</P>
            <P Name="dataLimits">[936.747 1138.099 482.432 487.232]</P>
            <P Name="subviewer">264</P>
            <P Name="drawStyle">SMART</P>
            <slide>
              <P Name="sticky">BOTH_STICK</P>
            </slide>
            <P Name="executionOrder">1</P>
          </transition>
        </Children>
      </chart>
    </Children>
  </machine>
  <instance id="299">
    <P Name="machine">263</P>
    <P Name="name">Chart</P>
    <P Name="chart">264</P>
  </instance>
</Stateflow>
