<?xml version="1.0" encoding="UTF-8" standalone="yes" ?><cp:coreProperties xmlns:cp="http://schemas.openxmlformats.org/package/2006/metadata/core-properties" xmlns:dc="http://purl.org/dc/elements/1.1/" xmlns:dcmitype="http://purl.org/dc/dcmitype/" xmlns:dcterms="http://purl.org/dc/terms/" xmlns:xsi="http://www.w3.org/2001/XMLSchema-instance"><cp:category>Model</cp:category><dcterms:created xsi:type="dcterms:W3CDTF">2018-03-18T16:44:53Z</dcterms:created><dc:creator>Vincent</dc:creator><cp:lastModifiedBy>ChiChaChai</cp:lastModifiedBy><dcterms:modified xsi:type="dcterms:W3CDTF">2018-03-26T16:34:54Z</dcterms:modified><cp:revision>1.12</cp:revision><cp:version>R2017a</cp:version></cp:coreProperties>